task id,run #,constrained,linear,graph,random
359954,11,0.6891891891891891,0.7567567567567568,0.6756756756756757,0.7297297297297297
