task id,run #,constrained,linear,graph,random
2073,2,0.6644295302013423,0.7046979865771812,0.697986577181208,0.697986577181208
