task id,run #,constrained,linear,graph,random
359954,5,0.7162162162162162,0.6621621621621622,0.581081081081081,0.7162162162162162
