task id,run #,constrained,linear,graph,random
2073,14,0.697986577181208,0.697986577181208,0.738255033557047,0.7046979865771812
