task id,run #,constrained,linear,graph,random
2073,8,0.6711409395973155,0.7248322147651006,0.6845637583892618,0.7046979865771812
