task id,run #,constrained,linear,graph,random
359959,11,0.5878378378378378,0.6081081081081081,0.581081081081081,0.5405405405405406
