task id,run #,constrained,linear,graph,random
168784,1,0.8512820512820513,0.8307692307692308,0.8153846153846154,0.8051282051282052
