task id,run #,constrained,linear,graph,random
359959,8,0.5540540540540541,0.5743243243243243,0.6013513513513513,0.5945945945945946
