task id,run #,constrained,linear,graph,random
168784,10,0.8205128205128205,0.8102564102564103,0.8,0.8358974358974359
