task id,run #,constrained,linear,graph,random
359959,0,0.6013513513513513,0.6013513513513513,0.5405405405405406,0.5945945945945946
