task id,run #,constrained,linear,graph,random
2073,1,0.7046979865771812,0.7046979865771812,0.6778523489932886,0.6912751677852349
