task id,run #,constrained,linear,graph,random
359959,5,0.581081081081081,0.581081081081081,0.6148648648648649,0.581081081081081
