task id,run #,constrained,linear,graph,random
359959,6,0.5675675675675675,0.581081081081081,0.5878378378378378,0.5878378378378378
