task id,run #,constrained,linear,graph,random
359954,2,0.6351351351351351,0.6621621621621622,0.6486486486486487,0.6756756756756757
