task id,run #,constrained,linear,graph,random
359954,9,0.6756756756756757,0.6486486486486487,0.7027027027027027,0.7297297297297297
