task id,run #,constrained,linear,graph,random
168784,7,0.8307692307692308,0.8205128205128205,0.8153846153846154,0.8307692307692308
