task id,run #,constrained,linear,graph,random
359959,12,0.6283783783783784,0.5945945945945946,0.6013513513513513,0.5405405405405406
