task id,run #,constrained,linear,graph,random
168784,13,0.8256410256410256,0.841025641025641,0.8307692307692308,0.8358974358974359
