task id,run #,constrained,linear,graph,random
359959,4,0.5405405405405406,0.5743243243243243,0.581081081081081,0.5878378378378378
