task id,run #,constrained,linear,graph,random
168784,2,0.8358974358974359,0.8,0.8205128205128205,0.8307692307692308
