task id,run #,constrained,linear,graph,random
168784,5,0.8153846153846154,0.7948717948717948,0.7897435897435897,0.8153846153846154
