task id,run #,constrained,linear,graph,random
359954,13,0.6486486486486487,0.6621621621621622,0.7432432432432432,0.6621621621621622
