task id,run #,constrained,linear,graph,random
359954,7,0.7297297297297297,0.7297297297297297,0.6891891891891891,0.6891891891891891
