task id,run #,constrained,linear,graph,random
2073,6,0.738255033557047,0.6912751677852349,0.7046979865771812,0.697986577181208
