task id,run #,constrained,linear,graph,random
168784,6,0.8256410256410256,0.8,0.7948717948717948,0.8307692307692308
