task id,run #,constrained,linear,graph,random
190146,13,0.8705882352941177,0.8705882352941177,0.8823529411764706,0.8705882352941177
