task id,run #,constrained,linear,graph,random
359954,12,0.6756756756756757,0.6621621621621622,0.7027027027027027,0.6351351351351351
