task id,run #,constrained,linear,graph,random
359954,0,0.6621621621621622,0.7027027027027027,0.6486486486486487,0.6891891891891891
