task id,run #,constrained,linear,graph,random
359959,10,0.5472972972972973,0.5675675675675675,0.6013513513513513,0.5878378378378378
