task id,run #,constrained,linear,graph,random
190146,11,0.8823529411764706,0.8705882352941177,0.8352941176470589,0.8705882352941177
