task id,run #,constrained,linear,graph,random
359959,13,0.5337837837837838,0.5337837837837838,0.581081081081081,0.5743243243243243
