task id,run #,constrained,linear,graph,random
2073,12,0.6778523489932886,0.7046979865771812,0.6711409395973155,0.6912751677852349
