task id,run #,constrained,linear,graph,random
2073,4,0.6912751677852349,0.6778523489932886,0.7181208053691275,0.7114093959731543
