task id,run #,constrained,linear,graph,random
359959,2,0.5743243243243243,0.581081081081081,0.5878378378378378,0.6148648648648649
