task id,run #,constrained,linear,graph,random
2073,0,0.6711409395973155,0.7114093959731543,0.7046979865771812,0.7248322147651006
