task id,run #,constrained,linear,graph,random
2073,3,0.7248322147651006,0.7114093959731543,0.7114093959731543,0.7181208053691275
