task id,run #,constrained,linear,graph,random
359954,8,0.6756756756756757,0.6756756756756757,0.7297297297297297,0.7162162162162162
