task id,run #,constrained,linear,graph,random
190146,10,0.8705882352941177,0.8705882352941177,0.8705882352941177,0.8705882352941177
