task id,run #,constrained,linear,graph,random
190146,4,0.8705882352941177,0.8705882352941177,0.9058823529411765,0.8588235294117647
