task id,run #,constrained,linear,graph,random
168784,9,0.8153846153846154,0.8205128205128205,0.8358974358974359,0.8358974358974359
