task id,run #,constrained,linear,graph,random
190146,8,0.8705882352941177,0.8941176470588236,0.8705882352941177,0.8705882352941177
