task id,run #,constrained,linear,graph,random
2073,11,0.7114093959731543,0.7046979865771812,0.7046979865771812,0.697986577181208
