task id,run #,constrained,linear,graph,random
359959,14,0.5743243243243243,0.5,0.5067567567567568,0.5675675675675675
