task id,run #,constrained,linear,graph,random
359954,1,0.6351351351351351,0.7027027027027027,0.6621621621621622,0.6891891891891891
