task id,run #,constrained,linear,graph,random
2073,13,0.6845637583892618,0.6778523489932886,0.7046979865771812,0.7046979865771812
