task id,run #,constrained,linear,graph,random
359954,3,0.6891891891891891,0.7027027027027027,0.6756756756756757,0.7162162162162162
