task id,run #,constrained,linear,graph,random
168784,8,0.8153846153846154,0.8,0.8153846153846154,0.7897435897435897
