task id,run #,constrained,linear,graph,random
359959,1,0.5945945945945946,0.6081081081081081,0.5067567567567568,0.5675675675675675
