task id,run #,constrained,linear,graph,random
2073,9,0.7046979865771812,0.697986577181208,0.697986577181208,0.697986577181208
