task id,run #,constrained,linear,graph,random
168784,4,0.8205128205128205,0.8102564102564103,0.8256410256410256,0.8051282051282052
