task id,run #,constrained,linear,graph,random
2073,7,0.7114093959731543,0.6308724832214765,0.5704697986577181,0.7114093959731543
