task id,run #,constrained,linear,graph,random
190146,1,0.8823529411764706,0.8941176470588236,0.8588235294117647,0.8705882352941177
