task id,run #,constrained,linear,graph,random
168784,12,0.8205128205128205,0.841025641025641,0.8205128205128205,0.8051282051282052
