task id,run #,constrained,linear,graph,random
2073,5,0.7181208053691275,0.7046979865771812,0.6912751677852349,0.697986577181208
