task id,run #,constrained,linear,graph,random
359959,3,0.581081081081081,0.5743243243243243,0.5608108108108109,0.5540540540540541
