task id,run #,constrained,linear,graph,random
359954,10,0.6756756756756757,0.6216216216216216,0.7432432432432432,0.6756756756756757
