task id,run #,constrained,linear,graph,random
168784,3,0.8256410256410256,0.8256410256410256,0.8307692307692308,0.8256410256410256
