task id,run #,constrained,linear,graph,random
359959,7,0.5878378378378378,0.5337837837837838,0.6216216216216216,0.5608108108108109
