task id,run #,constrained,linear,graph,random
359954,4,0.6756756756756757,0.7027027027027027,0.7702702702702703,0.6756756756756757
